1,Weary Rest
2,O Wondrous Love
3,Christmas Morning
4,Copeland
5t,"Dear Friends, Farewell"
5b,Always Something New
6,Babel's Streams
7,Jehovah is My God
8,Creation (First)
9,Cords of Love
10,Zion's Dove
11,Minister's Farewell
12,Gate of Home
13,Traveler's Hope
14,I'll Serve My Lord
15,My Consolation
16,The Finest Flower
17,Call to Arms
18,Praise Our Redeemer
19,The Day of Days
20,Prison Chains
21,Webster
22t,Laban
22b,Sinner Come
23t,Phillippi
23b,Evening Hymn
24t,Volusia
24b,Fredrica
25t,Santee
25b,Brimmer
26t,Golden Hill
26b,Ninety-Third
27t,Morning Worship
27b,Missionary Herald
28t,Mocksville
28b,Watchman (First)
29,The Midnight Cry
30t,Zion's Joy
30b,Dennis
31t,Home
31b,Time
32t,Rayfield
32b,Zellville
33,Angel Choir
34,Going Home
35t,Lisbon
35b,Boylston
36t,Lovely Vine
36b,Albion
37,Heaven's My Home
38,God Is Our Refuge
39,A Precious Stone
40t,Mamie
40b,Weeping Sinners
41t,Mediation
41b,Ardor
42,Joy Bells
43,The Heavenly Throng
44t,Morning Sun
44b,Dunlap's Creek
45t,Ila
45b,Lofty Sky
46t,The Hill of Zion
46b,Waiting Church
47,Panting for Heaven
48,Mount Helicon
49,Forever with the Lord
50,Cranbrook
51,Lonsdale
52,Newburg
53,No Parting There
54,My Trust
55t,Carolina
55b,Idumea
56t,America
56b,Sing to Me of Heaven
57,Salvation's Rock
58t,Liverpool
58b,Primrose
59t,Mear
59b,Dove of Peace
60,What Did He Do?
61t,North Carolina
61b,Gaines
62t,Sweet Hope (First)
62b,Joy to the World
63t,Condescension
63b,Pardoning Love
64,Youthful Blessings
65,The Golden Hill
66t,Balerma
66b,The Penitent's Prayer
67t,Peterboro
67b,Dundee
68,Bright Mansions
69,Rocky Mount
70t,Arlington
70b,Brown
71,The Peaceful Shore
72t,Jordan
72b,Joyful News
73t,Ella's Song
73b,Downs
74,God's Helping Hand
75,Sprague
76t,Brainerd
76b,Night
77,How Beautiful Heaven Must Be
78t,Repent
78b,New Britain
79,Kingwood
80,The Blind Girl
81t,Maitland
81b,Eternal Joys
82t,Lady Touch Thy Harp Again
82b,Gospel Waves
84,Homeland
85,Mercy Seat
86t,Ortonville
86b,Hicks' Farewell
87,The Promised Land
88,Pisgah
89,Northfield
90,Brightest Days
91,There is a Fountain
92,Promised Day
93,Something New
94,Plenary
95,Canaan's Land
96,Mighty Love
97,The Guiding Star
98,Christian Soldier
99,Pleasant Hill
100,Tennessee
101,An Address for All
102,Missionary's Adieu
103,Derrick
104,Everlasting Song
105t,Tender Care
105b,Hamburg
106,Sweet Rivers
107,Resignation (First)
108,Redeeming Love
109,Not Made with Hands
110,Volunteers
111t,Fleeting Days
111b,Judkins
112,Bush Hills
113,The Converted Thief
114,That Glorious Day
115,The Millennium
116,Floyd
117,Angel Band
118,Campbell
119,Weary Souls
120,Home in the Sky
121t,Prosperity
121b,Greensboro
122,The Dying Boy
123,Rapturous Scene
124,Pilgrim's Triumph
125t,Endless Joy
125b,Day Dawn
126,Ocean
127,Herald
128t,Hester
128b,Ninety-Fifth
129,Coronation
130t,Sacred Love
130b,Passing Away
131,Will You Meet Me?
132,Musical Society
133,Juniata
134,Liberty
135,Raymond
136,Sherburne
137,Antioch
138,Rest in the Kingdom
139,The Wanderer's Grave
140,Edom
142,The Solid Rock
143,Farther Along
144t,Tribulation
144b,Walk with God
145t,Milledgeville
145b,Fiducia
146t,Solemn Warning
146b,Bangor
147,Fairfield
148,Leander
149,A Good Time Coming
150,Salvation
151,Sweet Prospect
152t,Cross of Christ
152b,Messiah
153,Columbus
154,Happy Time
155,Solemn Call
156,Repentance
157,Hallelujah
158,The Land of Rest
159t,Devotion (First)
159b,Long Sought Home
160,The Saint's Delight
161t,Wells
161b,"Awake, Jerusalem"
162,Redeemed Singers
163t,Hollis
163b,Burroughs
164t,Convict
164b,The Pilgrim's Song
165,Babylon is Fallen
166,What Can I Do?
167t,Detroit
167b,Come Along
168t,Rest
168b,Sunrise
170,On My Way
171,Sessions
172,The Grand Highway
174t,Prospect
174b,Burning Lamp
175,O How I Love Jesus
176,Heavenly Treasures
178,That Beautiful Land
179,Traveling On
180,The Sinless Summerland
182,A Happy Meeting
184,Where We'll Never Grow Old
185,Corinth
186,Lord Remember Me
187,The Gospel Pool
188,He Loves Me
189,One by One
190,Salutation
191,"Oh! Turn, Sinner"
192,The Penitent
193,Kay
194,O Happy Day
195,Garden
196,Loving Kindness
197,The Living Vine
198,News From The Skies
199,Vernon
200,Parting Hand
201,Mission
202,Immensity
203,Cumberland
204t,What a Day
204b,Evening Bells
205,The Watchman's Call
206,Prayer Meeting
207t,Windham
207b,Meditation
208t,He Lives
208b,French Broad
209,The Lord's Supper
210t,Old Hundred
210b,Contented Soldier
211t,Hopewell
211b,Humble Penitent
212,Christian Prospect
213,Be Committed
214,Hosanna
215,In That Morning
216t,"O, Save"
216b,Social Band
217,Jerusalem
218t,Cookham
218b,Harmony
219,Rapture (First)
220,Over the Sea
221t,Pleyel's Hymn
221b,"Poor, Weak, and Worthless"
222t,Praise
222b,St. Louis
223,Hallelujah! Praise The Lord
224b,Hark My Soul
225t,Kenan
225b,Martin
226t,Rock of Ages
226b,Haws
227,Majestic Rays
228,Pass Me Not
229,Tranquility
230t,Eltham
230b,Amboy
231,Indian's Farewell
232t,Heavenly Armor
232b,Olean
233,Believer and His Soul
234,The Singing Christian
235,Faithful Soldier
236t,Pacolet
236b,Complainer
237,Remember Thy Creator
238,Child's Wish
239t,Soft Music
239b,I Want to Be an Angel
240,Morning Light
241,Closer Walk with God
242,"Come, Ye Disconsolate"
243,Zion's Light
244t,Mutual Love
244b,The Christian's Conflict
245,Bozrah
246,The Good Physician
247,Oh! How Charming
248,Twilight is Falling
249,Green Fields
250t,Realms of the Blest
250b,Disciple
252,The Sufferings of Christ
253,Is It Far?
254t,Bartimeus
254b,Talmar
255,Watchman (Second)
256t,Pleading Savior
256b,Sacred Rest
257,Jubilee
258,Thorny Desert
259t,Crumly
259b,Olney
260t,Bavaria
260b,Shields
261t,Come Thou Fount
261b,Alone
262,Collins
263,Autumn
264,Harwell
265,Mourner's Lamentation
266,Chrystler's Field
267,Louisiana
268,Come Ye to the Waters
269t,Restoration
269b,Invocation
270,Lena
271,The Mouldering Vine (First)
272,Felicity
273,Sing His Praise
274,Mother Tell Me of the Angels
275,Missionary's Farewell
276,Worlds Beyond the Sky
277,Sweet Affliction
278,God Holds the Future
279,Lecil
280,Zion
281t,Am I Born to Die?
281b,Palmetto
282,Friendship
283,Willowby
284,Don't Grieve Your Mother
285,Farewell Brother
286,Ganges
287,Indian Convert
288,Morris
289,Happy Land
290,Amity
291,Warrenton
292,Grief of Love
293,Lenox
294,Carmarthen
295,Redeemer's Praise
296,He's Holding My Hand
297,Lucas
298,My Shepherd Guides
299,Green Meadows
300,Desire
301,John Street
302,Olivers
303,The Unclouded Day
304,Blue Vale of Nauchoochee
305,The Weary Soldier
306,Middlebury
307,True Happiness
308,The Happy Time
309,Singing School
310t,Our Journey Home
310b,Weary Sinner
311,Elysian
312,Penitence
313,Bruce's Address
314,The Christian
315,David's Victory
316,This Heavy Load
317,The Christian Soldier
318,The Martial Trumpet
319,Weary Pilgrim
320,Longing for the Day
321,Hear and Save
322,Among that Band
323,Holy Manna
324,Fair Fields of Eden
325t,Will You Go?
325b,Jesus Died For Me
326,Royal Proclamation
327,The Christian's Hope
328,Mercy's Free
329,Redeeming Grace
330,Fulfillment
331,A Home in Heaven
332,Babylonian Captivity
333,Night is Coming
334,Jordan's Stormy Wave
335,When I am Gone
336t,Sweet Harmony
336b,Probation
337,To Die No More
338t,How Firm a Foundation
338b,Davis
339,Samanthra
340,Concord
341,The Lone Pilgrim
342,Blest Morn
343,Tell the Story
344,Morality
345,The Shepherd's Star
346,Star in the East
347,Portuguese Hymn
348,We've a Mansion in Heaven
349,Redemption (First)
350,The Rock
351,Sweet Home
352,My Home on High
353,Bower of Prayer
354,Summer
355,Homeward Bound
356,Morning Song
357,The Trumpet
358,"O Come, Come Away"
359,Wondrous Love
360,The Saints Bound for Heaven
361,Solemn Thought
362,Shining Light
363,The Christian Warfare
364,Redemption (Second)
365,The Indian's Petition
366,Millennium (First)
367,David's Lamentation
368t,Brush Creek
368b,Sweetest Pleasure
369,Easter Anthem
372,I Won't Turn Back
374,Heavenly Vision
378,Mount Hope
380,Christian Song
382,How Sweet the Sound
383,Azmon
384,Lord I'm Depending on You
385,Sweet Heaven
386,Spartanburg
387,"Stay, Sinner"
388,Anchor
389,Crown of Victory
390,Crown of Light
391,Glad Tidings
392,Imandra
393t,West Point
393b,China
394,Stubborn Heart
395,King of Peace
396t,Adams
396b,Waynsville
397t,Hants
397b,Bedan
398t,St. Thomas
398b,Gerar
399t,Lockport
399b,Thatcher
400t,Christian Love
400b,Hall
401t,Tillotson
401b,Euphrates
402t,Olive Leaf
402b,Kelso
403t,New Year
403b,Silver Street
404t,Rosalie
404b,Arion
405t,Honeywel
405b,Caution
406,Luther
407,Sweet Hope (Second)
408t,Shirland
408b,Dartmouth
409t,Little Marlborough
409b,Newingham
410t,Weeping Saviour
410b,Kambia
411,The Trumpeters
412t,Howard
412b,Colchester
413t,Warwick
413b,Barby
414,Friend
415t,Nazareth
415b,Henry
416t,Fragrance
416b,Edwards
417t,Heber
417b,Zanesville
418t,Chimes
418b,Union Vale
419t,Rockingham (First)
419b,Fountain
420,Cambridge
421t,Seymour
421b,Caddo
422t,Boswell
422b,Whitney
423t,Coventry
423b,Benediction
424,Nightingale
425t,Exchange
425b,Ryland
426,Tappan
427,Naomi
428,Zerah
429,Charming Name
430,Let Me Rise
431,Dungeness
432t,Loftin
432b,Fish Pond
433,New Haven
434,Nobler Choice
435,Shenley
436t,Turner
436b,It Is I
437,The Dying Penitent
438,The Mouldering Vine
439,Lydia
440t,Beulah
440b,Robinson
441,The Lonesome Dove
442,Lanesboro
443,Christmas
444,Broomsgrove
445,Revelation
446,Damascus
447,Mount Pisgah
448t,Suffield
448b,Coleshill
449,Cosmer
450t,Burford
450b,Consolation
451t,Shepherd (First)
451b,Devotion (Second)
452t,Head
452b,Hebron
453t,De Beza
453b,Wakefield
454,Heavenly Light (or Eden)
455t,New Lebanon
455b,Rockbridge
456t,Blenden
456b,Endor
457t,Ware
457b,Evening Chant
458,Rolland
459t,All-Saints
459b,Refuge
460t,Bohemia
460b,Gratitude
461,Lynn
462t,Lotha
462b,Upton
463,Anvern
464,Reformation
465t,Breaker
465b,Welton
466,The Mercy-Seat
467t,Elparan
467b,Uxbridge
468t,Mendon
468b,Laurell
469,Pilesgrove
470,Duke Street
471t,Rockingham (Second)
471b,Hesperia
472t,Sunset
472b,Cleaveland
473,Bartholday
474,Rothwell
475,Portugal
476t,Effingham
476b,Shepherd (Second)
477,Park Street
478t,Brentford
478b,Sylvan Stream
479,Triumph
480,Salineville
481,Holden
482,Gray
483,Burroughs (New)
484,Olivet
485,Quito
486t,Retreat
486b,Lisle
487,Chester
488,Dell of the Woods
489,Ridge
490,Creation (Second)
491,Nashville
492t,Ramesis
492b,Supplication
493t,Kedron
493b,Day-Star
494,Hingham
495,The Sailor's Home
496t,Wilmot
496b,Resurrection
497t,Acton
497b,Horton
498,Hendon
499t,Hasten Sinner
499b,Rosefield
500t,Harts
500b,Inley
501,Owen
502,Eton
503,Invocation (New)
504,Missionary Hymn
505,Waterford
506,Dying Love
507t,Union
507b,Sicily
508,Heavenly Rest
509t,Break of Day
509b,The Good Shepherd
510t,Aberdeen
510b,Invitation
511,Farewell
512,Missionary Song
513,Lakeland
514,Crown
515,Olive Shade
516,Oliphant
517,Rapture (Second)
518,Ariel
519,Dalston
520,Harwich
521,Darwell
522,Newbury
523,Conquest
524,When Shall We Meet Again
525,Goodly Land
526,Zion's Glory
527,Prince of Light
528,Throne of Glory
529,Worship
530,Urmund
531,Little Worth
532,Boerne
533,Prospect of Heaven
534,Angels Singing
535,Trial's Hour
536,Symphony
537,Crucifixion
538,Isles of the South
539,Rest for the Weary
540,Funeral Anthem
541,Resignation (Second)
542,The Heavenly Home
543,Chase High Road
544,Life's Troubles
545,Mount Vernon
546t,The Holy Spirit
546b,Oak Grove
547,Higher Ground
548,Macedonia
549t,The Christian's Farewell
549b,The Drone